page_id,page_type,file_path
0,zero,pages/zero_0.bin
1,zero,pages/zero_1.bin
2,zero,pages/zero_2.bin
3,zero,pages/zero_3.bin
4,zero,pages/zero_4.bin
5,zero,pages/zero_5.bin
6,zero,pages/zero_6.bin
7,zero,pages/zero_7.bin
8,zero,pages/zero_8.bin
9,zero,pages/zero_9.bin
10,zero,pages/zero_10.bin
11,zero,pages/zero_11.bin
12,zero,pages/zero_12.bin
13,zero,pages/zero_13.bin
14,zero,pages/zero_14.bin
15,zero,pages/zero_15.bin
16,zero,pages/zero_16.bin
17,zero,pages/zero_17.bin
18,zero,pages/zero_18.bin
19,zero,pages/zero_19.bin
20,zero,pages/zero_20.bin
21,zero,pages/zero_21.bin
22,zero,pages/zero_22.bin
23,zero,pages/zero_23.bin
24,zero,pages/zero_24.bin
25,zero,pages/zero_25.bin
26,zero,pages/zero_26.bin
27,zero,pages/zero_27.bin
28,zero,pages/zero_28.bin
29,zero,pages/zero_29.bin
30,zero,pages/zero_30.bin
31,zero,pages/zero_31.bin
32,zero,pages/zero_32.bin
33,zero,pages/zero_33.bin
34,zero,pages/zero_34.bin
35,zero,pages/zero_35.bin
36,zero,pages/zero_36.bin
37,zero,pages/zero_37.bin
38,zero,pages/zero_38.bin
39,zero,pages/zero_39.bin
40,zero,pages/zero_40.bin
41,zero,pages/zero_41.bin
42,zero,pages/zero_42.bin
43,zero,pages/zero_43.bin
44,zero,pages/zero_44.bin
45,zero,pages/zero_45.bin
46,zero,pages/zero_46.bin
47,zero,pages/zero_47.bin
48,zero,pages/zero_48.bin
49,zero,pages/zero_49.bin
50,zero,pages/zero_50.bin
51,zero,pages/zero_51.bin
52,zero,pages/zero_52.bin
53,zero,pages/zero_53.bin
54,zero,pages/zero_54.bin
55,zero,pages/zero_55.bin
56,zero,pages/zero_56.bin
57,zero,pages/zero_57.bin
58,zero,pages/zero_58.bin
59,zero,pages/zero_59.bin
60,zero,pages/zero_60.bin
61,zero,pages/zero_61.bin
62,zero,pages/zero_62.bin
63,zero,pages/zero_63.bin
64,zero,pages/zero_64.bin
65,zero,pages/zero_65.bin
66,zero,pages/zero_66.bin
67,zero,pages/zero_67.bin
68,zero,pages/zero_68.bin
69,zero,pages/zero_69.bin
70,zero,pages/zero_70.bin
71,zero,pages/zero_71.bin
72,zero,pages/zero_72.bin
73,zero,pages/zero_73.bin
74,zero,pages/zero_74.bin
75,zero,pages/zero_75.bin
76,zero,pages/zero_76.bin
77,zero,pages/zero_77.bin
78,zero,pages/zero_78.bin
79,zero,pages/zero_79.bin
80,zero,pages/zero_80.bin
81,zero,pages/zero_81.bin
82,zero,pages/zero_82.bin
83,zero,pages/zero_83.bin
84,zero,pages/zero_84.bin
85,zero,pages/zero_85.bin
86,zero,pages/zero_86.bin
87,zero,pages/zero_87.bin
88,zero,pages/zero_88.bin
89,zero,pages/zero_89.bin
90,zero,pages/zero_90.bin
91,zero,pages/zero_91.bin
92,zero,pages/zero_92.bin
93,zero,pages/zero_93.bin
94,zero,pages/zero_94.bin
95,zero,pages/zero_95.bin
96,zero,pages/zero_96.bin
97,zero,pages/zero_97.bin
98,zero,pages/zero_98.bin
99,zero,pages/zero_99.bin
100,zero,pages/zero_100.bin
101,zero,pages/zero_101.bin
102,zero,pages/zero_102.bin
103,zero,pages/zero_103.bin
104,zero,pages/zero_104.bin
105,zero,pages/zero_105.bin
106,zero,pages/zero_106.bin
107,zero,pages/zero_107.bin
108,zero,pages/zero_108.bin
109,zero,pages/zero_109.bin
110,zero,pages/zero_110.bin
111,zero,pages/zero_111.bin
112,zero,pages/zero_112.bin
113,zero,pages/zero_113.bin
114,zero,pages/zero_114.bin
115,zero,pages/zero_115.bin
116,zero,pages/zero_116.bin
117,zero,pages/zero_117.bin
118,zero,pages/zero_118.bin
119,zero,pages/zero_119.bin
120,zero,pages/zero_120.bin
121,zero,pages/zero_121.bin
122,zero,pages/zero_122.bin
123,zero,pages/zero_123.bin
124,zero,pages/zero_124.bin
125,random,pages/random_125.bin
126,random,pages/random_126.bin
127,random,pages/random_127.bin
128,random,pages/random_128.bin
129,random,pages/random_129.bin
130,random,pages/random_130.bin
131,random,pages/random_131.bin
132,random,pages/random_132.bin
133,random,pages/random_133.bin
134,random,pages/random_134.bin
135,random,pages/random_135.bin
136,random,pages/random_136.bin
137,random,pages/random_137.bin
138,random,pages/random_138.bin
139,random,pages/random_139.bin
140,random,pages/random_140.bin
141,random,pages/random_141.bin
142,random,pages/random_142.bin
143,random,pages/random_143.bin
144,random,pages/random_144.bin
145,random,pages/random_145.bin
146,random,pages/random_146.bin
147,random,pages/random_147.bin
148,random,pages/random_148.bin
149,random,pages/random_149.bin
150,random,pages/random_150.bin
151,random,pages/random_151.bin
152,random,pages/random_152.bin
153,random,pages/random_153.bin
154,random,pages/random_154.bin
155,random,pages/random_155.bin
156,random,pages/random_156.bin
157,random,pages/random_157.bin
158,random,pages/random_158.bin
159,random,pages/random_159.bin
160,random,pages/random_160.bin
161,random,pages/random_161.bin
162,random,pages/random_162.bin
163,random,pages/random_163.bin
164,random,pages/random_164.bin
165,random,pages/random_165.bin
166,random,pages/random_166.bin
167,random,pages/random_167.bin
168,random,pages/random_168.bin
169,random,pages/random_169.bin
170,random,pages/random_170.bin
171,random,pages/random_171.bin
172,random,pages/random_172.bin
173,random,pages/random_173.bin
174,random,pages/random_174.bin
175,random,pages/random_175.bin
176,random,pages/random_176.bin
177,random,pages/random_177.bin
178,random,pages/random_178.bin
179,random,pages/random_179.bin
180,random,pages/random_180.bin
181,random,pages/random_181.bin
182,random,pages/random_182.bin
183,random,pages/random_183.bin
184,random,pages/random_184.bin
185,random,pages/random_185.bin
186,random,pages/random_186.bin
187,random,pages/random_187.bin
188,random,pages/random_188.bin
189,random,pages/random_189.bin
190,random,pages/random_190.bin
191,random,pages/random_191.bin
192,random,pages/random_192.bin
193,random,pages/random_193.bin
194,random,pages/random_194.bin
195,random,pages/random_195.bin
196,random,pages/random_196.bin
197,random,pages/random_197.bin
198,random,pages/random_198.bin
199,random,pages/random_199.bin
200,random,pages/random_200.bin
201,random,pages/random_201.bin
202,random,pages/random_202.bin
203,random,pages/random_203.bin
204,random,pages/random_204.bin
205,random,pages/random_205.bin
206,random,pages/random_206.bin
207,random,pages/random_207.bin
208,random,pages/random_208.bin
209,random,pages/random_209.bin
210,random,pages/random_210.bin
211,random,pages/random_211.bin
212,random,pages/random_212.bin
213,random,pages/random_213.bin
214,random,pages/random_214.bin
215,random,pages/random_215.bin
216,random,pages/random_216.bin
217,random,pages/random_217.bin
218,random,pages/random_218.bin
219,random,pages/random_219.bin
220,random,pages/random_220.bin
221,random,pages/random_221.bin
222,random,pages/random_222.bin
223,random,pages/random_223.bin
224,random,pages/random_224.bin
225,random,pages/random_225.bin
226,random,pages/random_226.bin
227,random,pages/random_227.bin
228,random,pages/random_228.bin
229,random,pages/random_229.bin
230,random,pages/random_230.bin
231,random,pages/random_231.bin
232,random,pages/random_232.bin
233,random,pages/random_233.bin
234,random,pages/random_234.bin
235,random,pages/random_235.bin
236,random,pages/random_236.bin
237,random,pages/random_237.bin
238,random,pages/random_238.bin
239,random,pages/random_239.bin
240,random,pages/random_240.bin
241,random,pages/random_241.bin
242,random,pages/random_242.bin
243,random,pages/random_243.bin
244,random,pages/random_244.bin
245,random,pages/random_245.bin
246,random,pages/random_246.bin
247,random,pages/random_247.bin
248,random,pages/random_248.bin
249,random,pages/random_249.bin
250,text,pages/text_250.bin
251,text,pages/text_251.bin
252,text,pages/text_252.bin
253,text,pages/text_253.bin
254,text,pages/text_254.bin
255,text,pages/text_255.bin
256,text,pages/text_256.bin
257,text,pages/text_257.bin
258,text,pages/text_258.bin
259,text,pages/text_259.bin
260,text,pages/text_260.bin
261,text,pages/text_261.bin
262,text,pages/text_262.bin
263,text,pages/text_263.bin
264,text,pages/text_264.bin
265,text,pages/text_265.bin
266,text,pages/text_266.bin
267,text,pages/text_267.bin
268,text,pages/text_268.bin
269,text,pages/text_269.bin
270,text,pages/text_270.bin
271,text,pages/text_271.bin
272,text,pages/text_272.bin
273,text,pages/text_273.bin
274,text,pages/text_274.bin
275,text,pages/text_275.bin
276,text,pages/text_276.bin
277,text,pages/text_277.bin
278,text,pages/text_278.bin
279,text,pages/text_279.bin
280,text,pages/text_280.bin
281,text,pages/text_281.bin
282,text,pages/text_282.bin
283,text,pages/text_283.bin
284,text,pages/text_284.bin
285,text,pages/text_285.bin
286,text,pages/text_286.bin
287,text,pages/text_287.bin
288,text,pages/text_288.bin
289,text,pages/text_289.bin
290,text,pages/text_290.bin
291,text,pages/text_291.bin
292,text,pages/text_292.bin
293,text,pages/text_293.bin
294,text,pages/text_294.bin
295,text,pages/text_295.bin
296,text,pages/text_296.bin
297,text,pages/text_297.bin
298,text,pages/text_298.bin
299,text,pages/text_299.bin
300,text,pages/text_300.bin
301,text,pages/text_301.bin
302,text,pages/text_302.bin
303,text,pages/text_303.bin
304,text,pages/text_304.bin
305,text,pages/text_305.bin
306,text,pages/text_306.bin
307,text,pages/text_307.bin
308,text,pages/text_308.bin
309,text,pages/text_309.bin
310,text,pages/text_310.bin
311,text,pages/text_311.bin
312,text,pages/text_312.bin
313,text,pages/text_313.bin
314,text,pages/text_314.bin
315,text,pages/text_315.bin
316,text,pages/text_316.bin
317,text,pages/text_317.bin
318,text,pages/text_318.bin
319,text,pages/text_319.bin
320,text,pages/text_320.bin
321,text,pages/text_321.bin
322,text,pages/text_322.bin
323,text,pages/text_323.bin
324,text,pages/text_324.bin
325,text,pages/text_325.bin
326,text,pages/text_326.bin
327,text,pages/text_327.bin
328,text,pages/text_328.bin
329,text,pages/text_329.bin
330,text,pages/text_330.bin
331,text,pages/text_331.bin
332,text,pages/text_332.bin
333,text,pages/text_333.bin
334,text,pages/text_334.bin
335,text,pages/text_335.bin
336,text,pages/text_336.bin
337,text,pages/text_337.bin
338,text,pages/text_338.bin
339,text,pages/text_339.bin
340,text,pages/text_340.bin
341,text,pages/text_341.bin
342,text,pages/text_342.bin
343,text,pages/text_343.bin
344,text,pages/text_344.bin
345,text,pages/text_345.bin
346,text,pages/text_346.bin
347,text,pages/text_347.bin
348,text,pages/text_348.bin
349,text,pages/text_349.bin
350,text,pages/text_350.bin
351,text,pages/text_351.bin
352,text,pages/text_352.bin
353,text,pages/text_353.bin
354,text,pages/text_354.bin
355,text,pages/text_355.bin
356,text,pages/text_356.bin
357,text,pages/text_357.bin
358,text,pages/text_358.bin
359,text,pages/text_359.bin
360,text,pages/text_360.bin
361,text,pages/text_361.bin
362,text,pages/text_362.bin
363,text,pages/text_363.bin
364,text,pages/text_364.bin
365,text,pages/text_365.bin
366,text,pages/text_366.bin
367,text,pages/text_367.bin
368,text,pages/text_368.bin
369,text,pages/text_369.bin
370,text,pages/text_370.bin
371,text,pages/text_371.bin
372,text,pages/text_372.bin
373,text,pages/text_373.bin
374,text,pages/text_374.bin
375,repetitive,pages/repetitive_375.bin
376,repetitive,pages/repetitive_376.bin
377,repetitive,pages/repetitive_377.bin
378,repetitive,pages/repetitive_378.bin
379,repetitive,pages/repetitive_379.bin
380,repetitive,pages/repetitive_380.bin
381,repetitive,pages/repetitive_381.bin
382,repetitive,pages/repetitive_382.bin
383,repetitive,pages/repetitive_383.bin
384,repetitive,pages/repetitive_384.bin
385,repetitive,pages/repetitive_385.bin
386,repetitive,pages/repetitive_386.bin
387,repetitive,pages/repetitive_387.bin
388,repetitive,pages/repetitive_388.bin
389,repetitive,pages/repetitive_389.bin
390,repetitive,pages/repetitive_390.bin
391,repetitive,pages/repetitive_391.bin
392,repetitive,pages/repetitive_392.bin
393,repetitive,pages/repetitive_393.bin
394,repetitive,pages/repetitive_394.bin
395,repetitive,pages/repetitive_395.bin
396,repetitive,pages/repetitive_396.bin
397,repetitive,pages/repetitive_397.bin
398,repetitive,pages/repetitive_398.bin
399,repetitive,pages/repetitive_399.bin
400,repetitive,pages/repetitive_400.bin
401,repetitive,pages/repetitive_401.bin
402,repetitive,pages/repetitive_402.bin
403,repetitive,pages/repetitive_403.bin
404,repetitive,pages/repetitive_404.bin
405,repetitive,pages/repetitive_405.bin
406,repetitive,pages/repetitive_406.bin
407,repetitive,pages/repetitive_407.bin
408,repetitive,pages/repetitive_408.bin
409,repetitive,pages/repetitive_409.bin
410,repetitive,pages/repetitive_410.bin
411,repetitive,pages/repetitive_411.bin
412,repetitive,pages/repetitive_412.bin
413,repetitive,pages/repetitive_413.bin
414,repetitive,pages/repetitive_414.bin
415,repetitive,pages/repetitive_415.bin
416,repetitive,pages/repetitive_416.bin
417,repetitive,pages/repetitive_417.bin
418,repetitive,pages/repetitive_418.bin
419,repetitive,pages/repetitive_419.bin
420,repetitive,pages/repetitive_420.bin
421,repetitive,pages/repetitive_421.bin
422,repetitive,pages/repetitive_422.bin
423,repetitive,pages/repetitive_423.bin
424,repetitive,pages/repetitive_424.bin
425,repetitive,pages/repetitive_425.bin
426,repetitive,pages/repetitive_426.bin
427,repetitive,pages/repetitive_427.bin
428,repetitive,pages/repetitive_428.bin
429,repetitive,pages/repetitive_429.bin
430,repetitive,pages/repetitive_430.bin
431,repetitive,pages/repetitive_431.bin
432,repetitive,pages/repetitive_432.bin
433,repetitive,pages/repetitive_433.bin
434,repetitive,pages/repetitive_434.bin
435,repetitive,pages/repetitive_435.bin
436,repetitive,pages/repetitive_436.bin
437,repetitive,pages/repetitive_437.bin
438,repetitive,pages/repetitive_438.bin
439,repetitive,pages/repetitive_439.bin
440,repetitive,pages/repetitive_440.bin
441,repetitive,pages/repetitive_441.bin
442,repetitive,pages/repetitive_442.bin
443,repetitive,pages/repetitive_443.bin
444,repetitive,pages/repetitive_444.bin
445,repetitive,pages/repetitive_445.bin
446,repetitive,pages/repetitive_446.bin
447,repetitive,pages/repetitive_447.bin
448,repetitive,pages/repetitive_448.bin
449,repetitive,pages/repetitive_449.bin
450,repetitive,pages/repetitive_450.bin
451,repetitive,pages/repetitive_451.bin
452,repetitive,pages/repetitive_452.bin
453,repetitive,pages/repetitive_453.bin
454,repetitive,pages/repetitive_454.bin
455,repetitive,pages/repetitive_455.bin
456,repetitive,pages/repetitive_456.bin
457,repetitive,pages/repetitive_457.bin
458,repetitive,pages/repetitive_458.bin
459,repetitive,pages/repetitive_459.bin
460,repetitive,pages/repetitive_460.bin
461,repetitive,pages/repetitive_461.bin
462,repetitive,pages/repetitive_462.bin
463,repetitive,pages/repetitive_463.bin
464,repetitive,pages/repetitive_464.bin
465,repetitive,pages/repetitive_465.bin
466,repetitive,pages/repetitive_466.bin
467,repetitive,pages/repetitive_467.bin
468,repetitive,pages/repetitive_468.bin
469,repetitive,pages/repetitive_469.bin
470,repetitive,pages/repetitive_470.bin
471,repetitive,pages/repetitive_471.bin
472,repetitive,pages/repetitive_472.bin
473,repetitive,pages/repetitive_473.bin
474,repetitive,pages/repetitive_474.bin
475,repetitive,pages/repetitive_475.bin
476,repetitive,pages/repetitive_476.bin
477,repetitive,pages/repetitive_477.bin
478,repetitive,pages/repetitive_478.bin
479,repetitive,pages/repetitive_479.bin
480,repetitive,pages/repetitive_480.bin
481,repetitive,pages/repetitive_481.bin
482,repetitive,pages/repetitive_482.bin
483,repetitive,pages/repetitive_483.bin
484,repetitive,pages/repetitive_484.bin
485,repetitive,pages/repetitive_485.bin
486,repetitive,pages/repetitive_486.bin
487,repetitive,pages/repetitive_487.bin
488,repetitive,pages/repetitive_488.bin
489,repetitive,pages/repetitive_489.bin
490,repetitive,pages/repetitive_490.bin
491,repetitive,pages/repetitive_491.bin
492,repetitive,pages/repetitive_492.bin
493,repetitive,pages/repetitive_493.bin
494,repetitive,pages/repetitive_494.bin
495,repetitive,pages/repetitive_495.bin
496,repetitive,pages/repetitive_496.bin
497,repetitive,pages/repetitive_497.bin
498,repetitive,pages/repetitive_498.bin
499,repetitive,pages/repetitive_499.bin
