page_id,page_type,chosen_method,adaptive_ratio,adaptive_time,lz4_ratio,lz4_time,zstd_ratio,zstd_time
0,zero,lz4,83.5918,1.3e-05,83.5918,2e-06,215.5789,4.2e-05
1,zero,lz4,83.5918,1e-06,83.5918,1e-06,215.5789,3e-06
2,zero,lz4,83.5918,2e-06,83.5918,1e-06,215.5789,2e-06
3,zero,lz4,83.5918,1e-06,83.5918,1e-06,215.5789,1e-06
4,zero,lz4,75.8519,1e-06,75.8519,1e-06,170.6667,2e-06
5,zero,lz4,75.8519,1e-06,75.8519,1e-06,170.6667,1e-06
6,zero,lz4,75.8519,1e-06,75.8519,1e-06,170.6667,1e-06
7,zero,lz4,83.5918,1e-06,83.5918,1e-06,215.5789,1e-06
8,zero,lz4,70.6207,1e-06,70.6207,1e-06,170.6667,1e-06
9,zero,lz4,71.8596,1e-06,71.8596,1e-06,170.6667,1e-06
10,zero,lz4,83.5918,1e-06,83.5918,1e-06,215.5789,1e-06
11,zero,lz4,71.8596,1e-06,71.8596,1e-06,170.6667,1e-06
12,zero,lz4,77.283,1e-06,77.283,1e-06,170.6667,1e-06
13,zero,lz4,83.5918,1e-06,83.5918,0.0,215.5789,1e-06
14,zero,lz4,83.5918,1e-06,83.5918,1e-06,215.5789,1e-06
15,zero,lz4,83.5918,1e-06,83.5918,1e-06,215.5789,1e-06
16,zero,lz4,83.5918,1e-06,83.5918,1e-06,215.5789,1e-06
17,zero,lz4,83.5918,1e-06,83.5918,0.0,215.5789,1e-06
18,zero,lz4,83.5918,1e-06,83.5918,1e-06,215.5789,1e-06
19,zero,lz4,83.5918,1e-06,83.5918,1e-06,215.5789,1e-06
20,zero,lz4,83.5918,1e-06,83.5918,0.0,215.5789,1e-06
21,zero,lz4,83.5918,1e-06,83.5918,1e-06,215.5789,1e-06
22,zero,lz4,83.5918,1e-06,83.5918,1e-06,215.5789,1e-06
23,zero,lz4,75.8519,1e-06,75.8519,1e-06,170.6667,1e-06
24,zero,lz4,73.1429,1e-06,73.1429,1e-06,170.6667,1e-06
25,zero,lz4,71.8596,1e-06,71.8596,1e-06,170.6667,1e-06
26,zero,lz4,75.8519,1e-06,75.8519,1e-06,170.6667,1e-06
27,zero,lz4,83.5918,1e-06,83.5918,1e-06,215.5789,1e-06
28,zero,lz4,70.6207,1e-06,70.6207,1e-06,170.6667,1e-06
29,zero,lz4,83.5918,1e-06,83.5918,1e-06,215.5789,1e-06
30,zero,lz4,83.5918,1e-06,83.5918,0.0,215.5789,1e-06
31,zero,lz4,83.5918,1e-06,83.5918,0.0,215.5789,1e-06
32,zero,lz4,75.8519,1e-06,75.8519,1e-06,170.6667,1e-06
33,zero,lz4,75.8519,1e-06,75.8519,1e-06,170.6667,1e-06
34,zero,lz4,75.8519,1e-06,75.8519,1e-06,170.6667,1e-06
35,zero,lz4,83.5918,1e-06,83.5918,0.0,215.5789,1e-06
36,zero,lz4,83.5918,1e-06,83.5918,1e-06,215.5789,1e-06
37,zero,lz4,71.8596,1e-06,71.8596,1e-06,170.6667,1e-06
38,zero,lz4,83.5918,1e-06,83.5918,1e-06,215.5789,1e-06
39,zero,lz4,83.5918,1e-06,83.5918,1e-06,215.5789,1e-06
40,zero,lz4,83.5918,1e-06,83.5918,1e-06,215.5789,1e-06
41,zero,lz4,83.5918,1e-06,83.5918,0.0,215.5789,1e-06
42,zero,lz4,75.8519,1e-06,75.8519,1e-06,170.6667,1e-06
43,zero,lz4,83.5918,1e-06,83.5918,1e-06,215.5789,1e-06
44,zero,lz4,83.5918,1e-06,83.5918,1e-06,215.5789,1e-06
45,zero,lz4,83.5918,1e-06,83.5918,0.0,215.5789,1e-06
46,zero,lz4,83.5918,1e-06,83.5918,1e-06,215.5789,1e-06
47,zero,lz4,83.5918,1e-06,83.5918,1e-06,215.5789,1e-06
48,zero,lz4,83.5918,1e-06,83.5918,1e-06,215.5789,1e-06
49,zero,lz4,83.5918,1e-06,83.5918,1e-06,215.5789,1e-06
50,zero,lz4,83.5918,1e-06,83.5918,1e-06,215.5789,1e-06
51,zero,lz4,71.8596,1e-06,71.8596,1e-06,170.6667,1e-06
52,zero,lz4,83.5918,1e-06,83.5918,1e-06,215.5789,1e-06
53,zero,lz4,83.5918,1e-06,83.5918,1e-06,215.5789,1e-06
54,zero,lz4,83.5918,1e-06,83.5918,1e-06,215.5789,1e-06
55,zero,lz4,83.5918,1e-06,83.5918,1e-06,215.5789,1e-06
56,zero,lz4,83.5918,1e-06,83.5918,1e-06,215.5789,1e-06
57,zero,lz4,75.8519,1e-06,75.8519,1e-06,170.6667,1e-06
58,zero,lz4,83.5918,1e-06,83.5918,1e-06,215.5789,1e-06
59,zero,lz4,83.5918,1e-06,83.5918,1e-06,215.5789,1e-06
60,zero,lz4,71.8596,1e-06,71.8596,1e-06,170.6667,1e-06
61,zero,lz4,83.5918,1e-06,83.5918,1e-06,215.5789,1e-06
62,zero,lz4,75.8519,1e-06,75.8519,1e-06,170.6667,1e-06
63,zero,lz4,83.5918,1e-06,83.5918,0.0,215.5789,1e-06
64,zero,lz4,83.5918,1e-06,83.5918,0.0,215.5789,1e-06
65,zero,lz4,83.5918,1e-06,83.5918,0.0,215.5789,1e-06
66,zero,lz4,83.5918,1e-06,83.5918,1e-06,215.5789,1e-06
67,zero,lz4,75.8519,1e-06,75.8519,1e-06,170.6667,1e-06
68,zero,lz4,83.5918,1e-06,83.5918,1e-06,215.5789,2e-06
69,zero,lz4,83.5918,1e-06,83.5918,1e-06,215.5789,1e-06
70,zero,lz4,71.8596,1e-06,71.8596,1e-06,170.6667,2e-06
71,zero,lz4,71.8596,1e-06,71.8596,1e-06,170.6667,1e-06
72,zero,lz4,83.5918,1e-06,83.5918,1e-06,215.5789,1e-06
73,zero,lz4,83.5918,1e-06,83.5918,1e-06,215.5789,1e-06
74,zero,lz4,71.8596,1e-06,71.8596,1e-06,170.6667,1e-06
75,zero,lz4,83.5918,1e-06,83.5918,0.0,215.5789,1e-06
76,zero,lz4,83.5918,2e-06,83.5918,1e-06,215.5789,2e-06
77,zero,lz4,83.5918,1e-06,83.5918,1e-06,215.5789,2e-06
78,zero,lz4,75.8519,1e-06,75.8519,1e-06,170.6667,2e-06
79,zero,lz4,75.8519,1e-06,75.8519,1e-06,170.6667,2e-06
80,zero,lz4,83.5918,1e-06,83.5918,1e-06,215.5789,1e-06
81,zero,lz4,73.1429,1e-06,73.1429,1e-06,178.087,1e-06
82,zero,lz4,71.8596,1e-06,71.8596,1e-06,170.6667,1e-06
83,zero,lz4,83.5918,1e-06,83.5918,1e-06,215.5789,1e-06
84,zero,lz4,83.5918,1e-06,83.5918,1e-06,215.5789,1e-06
85,zero,lz4,83.5918,1e-06,83.5918,0.0,215.5789,1e-06
86,zero,lz4,71.8596,1e-06,71.8596,1e-06,170.6667,1e-06
87,zero,lz4,77.283,1e-06,77.283,1e-06,170.6667,1e-06
88,zero,lz4,83.5918,1e-06,83.5918,0.0,215.5789,1e-06
89,zero,lz4,83.5918,1e-06,83.5918,1e-06,215.5789,1e-06
90,zero,lz4,83.5918,1e-06,83.5918,0.0,215.5789,1e-06
91,zero,lz4,83.5918,1e-06,83.5918,0.0,215.5789,1e-06
92,zero,lz4,75.8519,1e-06,75.8519,1e-06,170.6667,1e-06
93,zero,lz4,83.5918,1e-06,83.5918,1e-06,215.5789,1e-06
94,zero,lz4,83.5918,1e-06,83.5918,1e-06,215.5789,1e-06
95,zero,lz4,71.8596,1e-06,71.8596,1e-06,170.6667,1e-06
96,zero,lz4,83.5918,1e-06,83.5918,1e-06,215.5789,1e-06
97,zero,lz4,83.5918,1e-06,83.5918,1e-06,215.5789,1e-06
98,zero,lz4,83.5918,1e-06,83.5918,1e-06,215.5789,1e-06
99,zero,lz4,83.5918,1e-06,83.5918,0.0,215.5789,1e-06
100,zero,lz4,83.5918,1e-06,83.5918,1e-06,215.5789,1e-06
101,zero,lz4,83.5918,1e-06,83.5918,1e-06,215.5789,1e-06
102,zero,lz4,83.5918,1e-06,83.5918,0.0,215.5789,1e-06
103,zero,lz4,83.5918,1e-06,83.5918,1e-06,215.5789,1e-06
104,zero,lz4,83.5918,1e-06,83.5918,0.0,215.5789,1e-06
105,zero,lz4,83.5918,1e-06,83.5918,1e-06,215.5789,1e-06
106,zero,lz4,83.5918,1e-06,83.5918,0.0,215.5789,1e-06
107,zero,lz4,83.5918,1e-06,83.5918,0.0,215.5789,1e-06
108,zero,lz4,83.5918,1e-06,83.5918,1e-06,215.5789,1e-06
109,zero,lz4,83.5918,1e-06,83.5918,0.0,215.5789,1e-06
110,zero,lz4,75.8519,1e-06,75.8519,1e-06,170.6667,1e-06
111,zero,lz4,83.5918,1e-06,83.5918,0.0,215.5789,1e-06
112,zero,lz4,83.5918,1e-06,83.5918,1e-06,215.5789,1e-06
113,zero,lz4,83.5918,1e-06,83.5918,0.0,215.5789,1e-06
114,zero,lz4,83.5918,1e-06,83.5918,1e-06,215.5789,1e-06
115,zero,lz4,83.5918,1e-06,83.5918,0.0,215.5789,1e-06
116,zero,lz4,83.5918,1e-06,83.5918,1e-06,215.5789,1e-06
117,zero,lz4,83.5918,1e-06,83.5918,0.0,215.5789,1e-06
118,zero,lz4,83.5918,1e-06,83.5918,0.0,215.5789,1e-06
119,zero,lz4,77.283,1e-06,77.283,1e-06,170.6667,1e-06
120,zero,lz4,83.5918,1e-06,83.5918,0.0,215.5789,1e-06
121,zero,lz4,83.5918,1e-06,83.5918,0.0,215.5789,1e-06
122,zero,lz4,83.5918,1e-06,83.5918,1e-06,215.5789,1e-06
123,zero,lz4,83.5918,1e-06,83.5918,0.0,215.5789,1e-06
124,zero,lz4,83.5918,1e-06,83.5918,0.0,215.5789,1e-06
125,random,lz4,0.9944,1e-06,0.9944,1e-06,0.9976,8e-06
126,random,lz4,0.9944,2e-06,0.9944,1e-06,0.9976,4e-06
127,random,lz4,0.9944,1e-06,0.9944,1e-06,0.9976,4e-06
128,random,lz4,0.9944,1e-06,0.9944,1e-06,0.9976,4e-06
129,random,lz4,0.9944,1e-06,0.9944,1e-06,0.9976,4e-06
130,random,lz4,0.9944,1e-06,0.9944,1e-06,0.9976,4e-06
131,random,lz4,0.9944,1e-06,0.9944,1e-06,0.9976,4e-06
132,random,lz4,0.9944,1e-06,0.9944,1e-06,0.9976,4e-06
133,random,lz4,0.9944,1e-06,0.9944,1e-06,0.9976,4e-06
134,random,lz4,0.9944,1e-06,0.9944,1e-06,0.9976,4e-06
135,random,lz4,0.9944,1e-06,0.9944,1e-06,0.9976,4e-06
136,random,lz4,0.9944,1e-06,0.9944,1e-06,0.9976,4e-06
137,random,lz4,0.9944,1e-06,0.9944,1e-06,0.9976,3.4e-05
138,random,lz4,0.9944,2e-06,0.9944,1e-06,0.9976,5e-06
139,random,lz4,0.9944,1e-06,0.9944,1e-06,0.9976,4e-06
140,random,lz4,0.9944,1e-06,0.9944,1e-06,0.9976,4e-06
141,random,lz4,0.9944,1e-06,0.9944,1e-06,0.9976,4e-06
142,random,lz4,0.9944,1e-06,0.9944,1e-06,0.9976,4e-06
143,random,lz4,0.9944,1e-06,0.9944,1e-06,0.9976,4e-06
144,random,lz4,0.9944,1e-06,0.9944,1e-06,0.9976,4e-06
145,random,lz4,0.9944,1e-06,0.9944,1e-06,0.9976,4e-06
146,random,lz4,0.9944,1e-06,0.9944,1e-06,0.9976,4e-06
147,random,lz4,0.9944,1e-06,0.9944,1e-06,0.9976,4e-06
148,random,lz4,0.9944,1e-06,0.9944,1e-06,0.9976,4e-06
149,random,lz4,0.9944,1e-06,0.9944,1e-06,0.9976,4e-06
150,random,lz4,0.9944,1e-06,0.9944,1e-06,0.9976,4e-06
151,random,lz4,0.9944,2e-06,0.9944,1e-06,0.9976,5e-06
152,random,lz4,0.9944,2e-06,0.9944,1e-06,0.9976,5e-06
153,random,lz4,0.9944,1e-06,0.9944,1e-06,0.9976,5e-06
154,random,lz4,0.9944,1e-06,0.9944,1e-06,0.9976,4e-06
155,random,lz4,0.9944,1e-06,0.9944,1e-06,0.9976,4e-06
156,random,lz4,0.9944,1e-06,0.9944,1e-06,0.9976,4e-06
157,random,lz4,0.9944,1e-06,0.9944,1e-06,0.9976,4e-06
158,random,lz4,0.9944,1e-06,0.9944,1e-06,0.9976,4e-06
159,random,lz4,0.9944,1e-06,0.9944,1e-06,0.9976,4e-06
160,random,lz4,0.9944,1e-06,0.9944,1e-06,0.9976,4e-06
161,random,lz4,0.9944,1e-06,0.9944,1e-06,0.9976,4e-06
162,random,lz4,0.9944,1e-06,0.9944,1e-06,0.9976,4e-06
163,random,lz4,0.9944,1e-06,0.9944,1e-06,0.9976,4e-06
164,random,lz4,0.9944,1e-06,0.9944,1e-06,0.9976,4e-06
165,random,lz4,0.9944,1e-06,0.9944,1e-06,0.9976,4e-06
166,random,lz4,0.9944,1e-06,0.9944,1e-06,0.9976,4e-06
167,random,lz4,0.9944,1e-06,0.9944,1e-06,0.9976,4e-06
168,random,lz4,0.9944,1e-06,0.9944,1e-06,0.9976,4e-06
169,random,lz4,0.9944,1e-06,0.9944,1e-06,0.9976,4e-06
170,random,lz4,0.9944,1e-06,0.9944,1e-06,0.9976,4e-06
171,random,lz4,0.9944,1e-06,0.9944,1e-06,0.9976,4e-06
172,random,lz4,0.9944,1e-06,0.9944,1e-06,0.9976,4e-06
173,random,lz4,0.9944,1e-06,0.9944,1e-06,0.9976,4e-06
174,random,lz4,0.9944,2e-06,0.9944,1e-06,0.9976,4e-06
175,random,lz4,0.9944,1e-06,0.9944,1e-06,0.9976,4e-06
176,random,lz4,0.9944,3e-06,0.9944,1e-06,0.9976,4e-06
177,random,lz4,0.9944,1e-06,0.9944,1e-06,0.9976,4e-06
178,random,lz4,0.9944,1e-06,0.9944,2e-06,0.9976,4e-06
179,random,lz4,0.9944,1e-06,0.9944,1e-06,0.9976,4e-06
180,random,lz4,0.9944,1e-06,0.9944,1e-06,0.9976,4e-06
181,random,lz4,0.9944,1e-06,0.9944,1e-06,0.9976,4e-06
182,random,lz4,0.9944,1e-06,0.9944,1e-06,0.9976,4e-06
183,random,lz4,0.9944,1e-06,0.9944,1e-06,0.9976,4e-06
184,random,lz4,0.9944,1e-06,0.9944,1e-06,0.9976,4e-06
185,random,lz4,0.9944,1e-06,0.9944,1e-06,0.9976,4e-06
186,random,lz4,0.9944,1e-06,0.9944,1e-06,0.9976,4e-06
187,random,lz4,0.9944,1e-06,0.9944,1e-06,0.9976,4e-06
188,random,lz4,0.9944,1e-06,0.9944,1e-06,0.9976,4e-06
189,random,lz4,0.9944,1e-06,0.9944,1e-06,0.9976,4e-06
190,random,lz4,0.9944,1e-06,0.9944,1e-06,0.9976,4e-06
191,random,lz4,0.9944,1e-06,0.9944,1e-06,0.9976,4e-06
192,random,lz4,0.9944,1e-06,0.9944,1e-06,0.9976,4e-06
193,random,lz4,0.9944,1e-06,0.9944,1e-06,0.9976,4e-06
194,random,lz4,0.9944,1e-06,0.9944,1e-06,0.9976,4e-06
195,random,lz4,0.9944,1e-06,0.9944,1e-06,0.9976,4e-06
196,random,lz4,0.9944,1e-06,0.9944,1e-06,0.9976,4e-06
197,random,lz4,0.9944,1e-06,0.9944,1e-06,0.9976,4e-06
198,random,lz4,0.9944,1e-06,0.9944,1e-06,0.9976,4e-06
199,random,lz4,0.9944,1e-06,0.9944,1e-06,0.9976,4e-06
200,random,lz4,0.9944,1e-06,0.9944,1e-06,0.9976,4e-06
201,random,lz4,0.9944,1e-06,0.9944,1e-06,0.9976,4e-06
202,random,lz4,0.9944,1e-06,0.9944,1e-06,0.9976,4e-06
203,random,lz4,0.9944,1e-06,0.9944,1e-06,0.9976,4e-06
204,random,lz4,0.9944,1e-06,0.9944,1e-06,0.9976,4e-06
205,random,lz4,0.9944,1e-06,0.9944,1e-06,0.9976,4e-06
206,random,lz4,0.9944,1e-06,0.9944,1e-06,0.9976,4e-06
207,random,lz4,0.9944,1e-06,0.9944,1e-06,0.9976,4e-06
208,random,lz4,0.9944,1e-06,0.9944,1e-06,0.9976,4e-06
209,random,lz4,0.9944,1e-06,0.9944,1e-06,0.9976,4e-06
210,random,lz4,0.9944,1e-06,0.9944,1e-06,0.9976,4e-06
211,random,lz4,0.9944,1e-06,0.9944,1e-06,0.9976,4e-06
212,random,lz4,0.9944,1e-06,0.9944,1e-06,0.9976,4e-06
213,random,lz4,0.9944,1e-06,0.9944,1e-06,0.9976,4e-06
214,random,lz4,0.9944,1e-06,0.9944,1e-06,0.9976,4e-06
215,random,lz4,0.9944,1e-06,0.9944,1e-06,0.9976,4e-06
216,random,lz4,0.9944,1e-06,0.9944,1e-06,0.9976,4e-06
217,random,lz4,0.9944,1e-06,0.9944,1e-06,0.9976,4e-06
218,random,lz4,0.9944,1e-06,0.9944,1e-06,0.9976,4e-06
219,random,lz4,0.9944,1e-06,0.9944,1e-06,0.9976,4e-06
220,random,lz4,0.9944,1e-06,0.9944,1e-06,0.9976,4e-06
221,random,lz4,0.9944,1e-06,0.9944,1e-06,0.9976,4e-06
222,random,lz4,0.9944,1e-06,0.9944,1e-06,0.9976,4e-06
223,random,lz4,0.9944,1e-06,0.9944,1e-06,0.9976,4e-06
224,random,lz4,0.9944,2e-06,0.9944,1e-06,0.9976,5e-06
225,random,lz4,0.9944,1e-06,0.9944,1e-06,0.9976,4e-06
226,random,lz4,0.9944,1e-06,0.9944,1e-06,0.9976,5e-06
227,random,lz4,0.9944,1e-06,0.9944,1e-06,0.9976,4e-06
228,random,lz4,0.9944,1e-06,0.9944,1e-06,0.9976,4e-06
229,random,lz4,0.9944,2e-06,0.9944,1e-06,0.9976,5e-06
230,random,lz4,0.9944,1e-06,0.9944,1e-06,0.9976,4e-06
231,random,lz4,0.9944,2e-06,0.9944,1e-06,0.9976,4e-06
232,random,lz4,0.9944,1e-06,0.9944,1e-06,0.9976,4e-06
233,random,lz4,0.9944,1e-06,0.9944,1e-06,0.9976,4e-06
234,random,lz4,0.9944,1e-06,0.9944,1e-06,0.9976,4e-06
235,random,lz4,0.9944,1e-06,0.9944,1e-06,0.9976,4e-06
236,random,lz4,0.9944,1e-06,0.9944,1e-06,0.9976,4e-06
237,random,lz4,0.9944,1e-06,0.9944,1e-06,0.9976,5e-06
238,random,lz4,0.9944,1e-06,0.9944,1e-06,0.9976,4e-06
239,random,lz4,0.9944,1e-06,0.9944,1e-06,0.9976,4e-06
240,random,lz4,0.9944,1e-06,0.9944,1e-06,0.9976,4e-06
241,random,lz4,0.9944,1e-06,0.9944,1e-06,0.9976,4e-06
242,random,lz4,0.9944,1e-06,0.9944,1e-06,0.9976,4e-06
243,random,lz4,0.9944,1e-06,0.9944,1e-06,0.9976,4e-06
244,random,lz4,0.9944,1e-06,0.9944,1e-06,0.9976,4e-06
245,random,lz4,0.9944,1e-06,0.9944,1e-06,0.9976,4e-06
246,random,lz4,0.9944,1e-06,0.9944,1e-06,0.9976,4e-06
247,random,lz4,0.9944,1e-06,0.9944,1e-06,0.9976,4e-06
248,random,lz4,0.9944,1e-06,0.9944,1e-06,0.9976,4e-06
249,random,lz4,0.9944,2e-06,0.9944,1e-06,0.9976,4e-06
250,text,zstd,14.3217,1.8e-05,10.5567,4e-06,14.3217,5e-06
251,text,zstd,12.1905,7e-06,8.6232,3e-06,12.1905,5e-06
252,text,lz4,11.6034,2e-06,11.6034,1e-06,16.9256,5e-06
253,text,zstd,13.4295,6e-06,10.1638,3e-06,13.4295,5e-06
254,text,zstd,2.905,1.8e-05,2.0267,8e-06,2.905,1.5e-05
255,text,zstd,4.6387,1.4e-05,2.9236,7e-06,4.6387,1.1e-05
256,text,zstd,4.4912,1.4e-05,2.8307,7e-06,4.4912,1.2e-05
257,text,zstd,4.4863,1.6e-05,2.8425,8e-06,4.4863,4.9e-05
258,text,zstd,4.6282,1.5e-05,2.9681,8e-06,4.6282,1.2e-05
259,text,zstd,3.1054,1.9e-05,2.1356,9e-06,3.1054,1.5e-05
260,text,zstd,3.3382,1.5e-05,2.4122,6e-06,3.3382,1.2e-05
261,text,zstd,1.7587,2.3e-05,1.2356,8e-06,1.7587,1.8e-05
262,text,zstd,1.7871,1.9e-05,1.2701,8e-06,1.7871,1.7e-05
263,text,zstd,1.7973,2e-05,1.286,8e-06,1.7973,1.8e-05
264,text,zstd,1.7452,1.9e-05,1.2465,8e-06,1.7452,1.8e-05
265,text,zstd,1.7879,1.9e-05,1.2603,8e-06,1.7879,1.7e-05
266,text,zstd,1.8229,1.9e-05,1.2991,8e-06,1.8229,1.7e-05
267,text,zstd,1.7739,1.9e-05,1.2588,8e-06,1.7739,1.8e-05
268,text,zstd,1.7886,2e-05,1.2804,9e-06,1.7886,1.8e-05
269,text,zstd,1.7894,1.9e-05,1.2788,8e-06,1.7894,1.8e-05
270,text,zstd,1.8278,1.9e-05,1.2876,8e-06,1.8278,1.7e-05
271,text,zstd,1.8746,1.8e-05,1.3192,8e-06,1.8746,1.7e-05
272,text,zstd,1.8409,1.8e-05,1.3057,8e-06,1.8409,1.7e-05
273,text,zstd,1.7512,1.9e-05,1.2534,8e-06,1.7512,1.8e-05
274,text,zstd,1.8068,1.9e-05,1.2724,8e-06,1.8068,1.7e-05
275,text,zstd,1.701,1.9e-05,1.2154,8e-06,1.701,1.8e-05
276,text,zstd,1.746,1.9e-05,1.2393,8e-06,1.746,1.8e-05
277,text,zstd,1.7452,1.9e-05,1.2435,8e-06,1.7452,1.8e-05
278,text,zstd,1.7996,1.8e-05,1.2669,8e-06,1.7996,1.6e-05
279,text,zstd,1.7572,1.9e-05,1.2511,8e-06,1.7572,1.7e-05
280,text,zstd,1.7824,1.9e-05,1.2728,8e-06,1.7824,1.8e-05
281,text,zstd,1.7747,1.9e-05,1.2576,8e-06,1.7747,1.8e-05
282,text,zstd,1.7949,1.8e-05,1.2607,8e-06,1.7949,1.7e-05
283,text,zstd,1.7801,1.8e-05,1.2522,8e-06,1.7801,1.7e-05
284,text,zstd,1.7572,2e-05,1.2488,8e-06,1.7572,1.8e-05
285,text,zstd,1.7793,1.9e-05,1.274,8e-06,1.7793,1.8e-05
286,text,zstd,1.8475,1.9e-05,1.3061,8e-06,1.8475,1.7e-05
287,text,zstd,2.0439,1.7e-05,1.4681,7e-06,2.0439,1.5e-05
288,text,zstd,2.001,2e-05,1.4158,9e-06,2.001,1.8e-05
289,text,zstd,2.5113,1.8e-05,1.7519,8e-06,2.5113,1.6e-05
290,text,zstd,2.6006,1.7e-05,1.8172,8e-06,2.6006,1.5e-05
291,text,zstd,2.5067,1.7e-05,1.7918,8e-06,2.5067,1.4e-05
292,text,zstd,2.4556,1.8e-05,1.7527,8e-06,2.4556,1.5e-05
293,text,zstd,2.6056,1.7e-05,1.8459,8e-06,2.6056,1.4e-05
294,text,zstd,2.1168,1.9e-05,1.512,9e-06,2.1168,1.6e-05
295,text,zstd,2.268,1.7e-05,1.6325,8e-06,2.268,1.5e-05
296,text,zstd,2.3432,1.7e-05,1.6821,8e-06,2.3432,1.5e-05
297,text,zstd,2.3312,1.7e-05,1.6794,7e-06,2.3312,1.5e-05
298,text,zstd,2.1974,1.8e-05,1.5907,8e-06,2.1974,1.5e-05
299,text,zstd,2.5908,1.6e-05,1.861,7e-06,2.5908,1.4e-05
300,text,zstd,2.5552,1.6e-05,1.8517,7e-06,2.5552,1.4e-05
301,text,zstd,2.8886,1.5e-05,2.0378,7e-06,2.8886,1.3e-05
302,text,zstd,2.5253,1.7e-05,1.8116,8e-06,2.5253,1.4e-05
303,text,zstd,2.8093,1.7e-05,1.9221,8e-06,2.8093,1.5e-05
304,text,zstd,2.4439,1.7e-05,1.7655,8e-06,2.4439,1.5e-05
305,text,zstd,2.552,1.7e-05,1.8278,8e-06,2.552,1.4e-05
306,text,zstd,2.4991,1.6e-05,1.777,8e-06,2.4991,1.5e-05
307,text,zstd,2.8704,1.4e-05,2.1179,6e-06,2.8704,1.2e-05
308,text,zstd,3.2768,1.4e-05,2.2617,5e-06,3.2768,1.2e-05
309,text,zstd,2.1289,1.8e-05,1.4665,8e-06,2.1289,1.7e-05
310,text,zstd,2.5504,1.5e-05,1.8401,7e-06,2.5504,1.3e-05
311,text,zstd,2.8524,1.5e-05,2.076,7e-06,2.8524,1.2e-05
312,text,zstd,2.9854,1.5e-05,2.1986,6e-06,2.9854,1.2e-05
313,text,zstd,3.2768,1.5e-05,2.3911,6e-06,3.2768,1.1e-05
314,text,zstd,2.9341,1.5e-05,2.1581,6e-06,2.9341,1.3e-05
315,text,zstd,2.8248,1.4e-05,2.0593,6e-06,2.8248,1.3e-05
316,text,zstd,2.4586,1.7e-05,1.7595,7e-06,2.4586,1.5e-05
317,text,zstd,2.6056,1.5e-05,1.9025,7e-06,2.6056,1.3e-05
318,text,zstd,3.0341,1.4e-05,2.1729,7e-06,3.0341,1.2e-05
319,text,zstd,3.19,1.4e-05,2.3194,6e-06,3.19,1.2e-05
320,text,zstd,5.1072,1.1e-05,3.6901,5e-06,5.1072,1e-05
321,text,zstd,4.9951,1.1e-05,3.6868,5e-06,4.9951,1e-05
322,text,zstd,5.0882,1.1e-05,3.7135,5e-06,5.0882,9e-06
323,text,zstd,4.28,1.2e-05,3.2328,5e-06,4.28,1e-05
324,text,zstd,2.463,1.7e-05,1.81,7e-06,2.463,1.4e-05
325,text,zstd,2.3925,1.6e-05,1.7349,7e-06,2.3925,1.4e-05
326,text,zstd,3.1196,1.5e-05,2.2617,2e-05,3.1196,1.4e-05
327,text,zstd,2.9468,1.5e-05,2.1615,7e-06,2.9468,1.2e-05
328,text,zstd,3.082,7.6e-05,2.2505,8e-06,3.082,1.4e-05
329,text,zstd,3.3712,1.6e-05,2.3953,7e-06,3.3712,1.4e-05
330,text,zstd,2.8603,1.7e-05,2.046,8e-06,2.8603,1.4e-05
331,text,zstd,2.8209,1.7e-05,2.0439,7e-06,2.8209,1.5e-05
332,text,zstd,3.0363,1.6e-05,2.2189,7e-06,3.0363,1.4e-05
333,text,zstd,3.205,1.4e-05,2.3339,6e-06,3.205,1.2e-05
334,text,zstd,3.0296,1.5e-05,2.1951,7e-06,3.0296,1.3e-05
335,text,zstd,2.9942,1.6e-05,2.1468,7e-06,2.9942,1.3e-05
336,text,zstd,3.0251,1.5e-05,2.1344,7e-06,3.0251,1.3e-05
337,text,zstd,2.9703,1.6e-05,2.149,7e-06,2.9703,1.3e-05
338,text,zstd,2.7713,1.5e-05,2.0317,7e-06,2.7713,1.3e-05
339,text,zstd,3.2611,1.4e-05,2.3649,6e-06,3.2611,1.1e-05
340,text,zstd,3.0797,1.5e-05,2.2395,6e-06,3.0797,1.3e-05
341,text,zstd,2.4425,1.7e-05,1.791,7e-06,2.4425,1.4e-05
342,text,zstd,3.0229,1.4e-05,2.2667,6e-06,3.0229,1.2e-05
343,text,zstd,2.4869,1.6e-05,1.8213,7e-06,2.4869,1.4e-05
344,text,zstd,2.3181,1.7e-05,1.6884,7e-06,2.3181,1.5e-05
345,text,zstd,2.7144,1.5e-05,1.9826,7e-06,2.7144,1.4e-05
346,text,zstd,2.8055,1.6e-05,1.9942,7e-06,2.8055,1.4e-05
347,text,zstd,2.7845,1.5e-05,2.0409,6e-06,2.7845,1.3e-05
348,text,zstd,2.6426,1.6e-05,1.8876,7e-06,2.6426,1.3e-05
349,text,zstd,2.6358,1.5e-05,1.906,7e-06,2.6358,1.3e-05
350,text,zstd,3.5341,1.4e-05,2.6983,6e-06,3.5341,1.1e-05
351,text,zstd,3.2794,1.4e-05,2.4395,7e-06,3.2794,1.2e-05
352,text,zstd,3.0073,1.5e-05,2.2165,6e-06,3.0073,1.3e-05
353,text,zstd,3.1339,1.4e-05,2.3567,6e-06,3.1339,1.2e-05
354,text,zstd,2.6307,1.5e-05,1.8972,7e-06,2.6307,1.3e-05
355,text,zstd,2.8074,1.5e-05,2.0409,7e-06,2.8074,1.3e-05
356,text,zstd,2.6156,1.5e-05,1.9158,7e-06,2.6156,1.3e-05
357,text,zstd,2.8906,1.4e-05,2.1479,6e-06,2.8906,1.3e-05
358,text,zstd,3.2586,1.4e-05,2.3299,6e-06,3.2586,1.3e-05
359,text,zstd,2.3897,1.7e-05,1.6828,8e-06,2.3897,1.4e-05
360,text,zstd,2.2781,1.6e-05,1.6397,7e-06,2.2781,1.5e-05
361,text,zstd,2.6632,1.6e-05,1.9403,7e-06,2.6632,1.4e-05
362,text,zstd,3.0073,1.4e-05,2.1845,6e-06,3.0073,1.2e-05
363,text,zstd,2.6511,1.5e-05,1.9284,7e-06,2.6511,2.4e-05
364,text,zstd,2.8744,1.5e-05,2.1706,6e-06,2.8744,1.3e-05
365,text,zstd,2.9362,1.5e-05,2.1834,6e-06,2.9362,1.3e-05
366,text,zstd,2.6056,1.6e-05,1.8824,7e-06,2.6056,1.4e-05
367,text,zstd,2.6771,1.6e-05,1.9468,7e-06,2.6771,1.4e-05
368,text,zstd,2.3432,1.8e-05,1.6891,8e-06,2.3432,1.5e-05
369,text,zstd,2.7657,1.4e-05,2.0,7e-06,2.7657,1.3e-05
370,text,zstd,2.7883,1.5e-05,1.9893,7e-06,2.7883,1.3e-05
371,text,zstd,2.9257,1.4e-05,2.2033,6e-06,2.9257,1.3e-05
372,text,zstd,3.0728,1.5e-05,2.263,7e-06,3.0728,1.3e-05
373,text,zstd,3.3935,1.4e-05,2.5441,6e-06,3.3935,1.2e-05
374,text,zstd,3.2663,1.4e-05,2.3869,7e-06,3.2663,1.2e-05
375,repetitive,lz4,1.1315,2e-06,1.1315,2e-06,1.1917,1.3e-05
376,repetitive,lz4,0.9944,2e-06,0.9944,1e-06,1.0628,9e-06
377,repetitive,lz4,0.9944,1e-06,0.9944,1e-06,1.0644,1.1e-05
378,repetitive,lz4,0.9944,2e-06,0.9944,1e-06,1.0664,1.3e-05
379,repetitive,lz4,0.9944,2e-06,0.9944,2e-06,1.0639,1.2e-05
380,repetitive,lz4,0.9944,1e-06,0.9944,1e-06,1.0589,8e-06
381,repetitive,lz4,0.9944,2e-06,0.9944,2e-06,1.0598,9e-06
382,repetitive,lz4,0.9944,2e-06,0.9944,2e-06,1.0656,8e-06
383,repetitive,lz4,0.9944,2e-06,0.9944,1e-06,1.0579,8e-06
384,repetitive,lz4,0.9944,2e-06,0.9944,2e-06,1.054,8e-06
385,repetitive,lz4,0.9944,1e-06,0.9944,1e-06,1.0492,8e-06
386,repetitive,lz4,0.9944,1e-06,0.9944,1e-06,1.0543,8e-06
387,repetitive,lz4,0.9944,1e-06,0.9944,1e-06,1.0598,1.2e-05
388,repetitive,lz4,0.9944,1e-06,0.9944,1e-06,1.0609,1e-05
389,repetitive,lz4,0.9944,2e-06,0.9944,1e-06,1.0639,1e-05
390,repetitive,lz4,0.9944,1e-06,0.9944,1e-06,1.0773,9e-06
391,repetitive,lz4,0.9944,1e-06,0.9944,1e-06,1.0897,1.4e-05
392,repetitive,lz4,0.9944,1e-06,0.9944,1e-06,1.083,1e-05
393,repetitive,lz4,0.9944,2e-06,0.9944,2e-06,1.087,1.5e-05
394,repetitive,lz4,0.9944,2e-06,0.9944,2e-06,1.0833,1.4e-05
395,repetitive,lz4,0.9968,3e-06,0.9968,2e-06,1.083,1.4e-05
396,repetitive,lz4,0.9944,1e-06,0.9944,1e-06,1.0768,1.4e-05
397,repetitive,lz4,0.9944,2e-06,0.9944,2e-06,1.0785,1.2e-05
398,repetitive,lz4,0.9966,3e-06,0.9966,2e-06,1.0706,1.3e-05
399,repetitive,lz4,0.9944,2e-06,0.9944,2e-06,1.0667,1.2e-05
400,repetitive,lz4,0.9944,2e-06,0.9944,2e-06,1.0576,1.2e-05
401,repetitive,lz4,0.9944,2e-06,0.9944,1e-06,1.0587,1.1e-05
402,repetitive,lz4,0.9944,2e-06,0.9944,2e-06,1.0644,1.4e-05
403,repetitive,lz4,0.9944,2e-06,0.9944,1e-06,1.0664,1.1e-05
404,repetitive,lz4,0.9944,1e-06,0.9944,1e-06,1.0669,8e-06
405,repetitive,lz4,0.9944,1e-06,0.9944,1e-06,1.0644,1.1e-05
406,repetitive,lz4,0.9944,1e-06,0.9944,1e-06,1.0825,1e-05
407,repetitive,lz4,0.9944,1e-06,0.9944,1e-06,1.0853,8e-06
408,repetitive,lz4,0.9944,1e-06,0.9944,1e-06,1.0636,8e-06
409,repetitive,lz4,0.9944,1e-06,0.9944,1e-06,1.0633,9e-06
410,repetitive,lz4,0.9944,2e-06,0.9944,1e-06,1.0647,1e-05
411,repetitive,lz4,0.9944,1e-06,0.9944,1e-06,1.0681,1.1e-05
412,repetitive,lz4,0.9944,1e-06,0.9944,1e-06,1.0708,1.2e-05
413,repetitive,lz4,0.9944,2e-06,0.9944,2e-06,1.0697,1.4e-05
414,repetitive,lz4,0.9944,1e-06,0.9944,1e-06,1.0656,1.1e-05
415,repetitive,lz4,0.9944,1e-06,0.9944,1e-06,1.07,1.2e-05
416,repetitive,lz4,0.9944,1e-06,0.9944,1e-06,1.0728,8e-06
417,repetitive,lz4,0.9944,2e-06,0.9944,1e-06,1.0911,9e-06
418,repetitive,zstd,1.1164,1.1e-05,0.9944,1e-06,1.1164,1e-05
419,repetitive,zstd,1.1091,1.2e-05,0.9944,1e-06,1.1091,1.2e-05
420,repetitive,lz4,0.9944,1e-06,0.9944,1e-06,1.0894,1.2e-05
421,repetitive,lz4,0.9944,1e-06,0.9944,1e-06,1.0859,1e-05
422,repetitive,lz4,0.9944,1e-06,0.9944,1e-06,1.0725,1.1e-05
423,repetitive,lz4,0.9944,2e-06,0.9944,1e-06,1.0559,9e-06
424,repetitive,lz4,0.9944,1e-06,0.9944,1e-06,1.046,1.2e-05
425,repetitive,lz4,0.9944,1e-06,0.9944,1e-06,1.0611,1e-05
426,repetitive,lz4,0.9944,1e-06,0.9944,1e-06,1.0714,2.5e-05
427,repetitive,lz4,0.9944,2e-06,0.9944,1e-06,1.0748,1.5e-05
428,repetitive,lz4,0.9944,1e-06,0.9944,1e-06,1.0734,9e-06
429,repetitive,lz4,0.9944,2e-06,0.9944,2e-06,1.0802,1e-05
430,repetitive,lz4,0.9944,2e-06,0.9944,2e-06,1.0943,1.6e-05
431,repetitive,zstd,1.1073,1.2e-05,0.9944,2e-06,1.1073,1.1e-05
432,repetitive,zstd,1.1234,1.4e-05,0.9944,2e-06,1.1234,1.3e-05
433,repetitive,zstd,1.1716,1.7e-05,0.9944,3e-06,1.1716,1.6e-05
434,repetitive,zstd,1.2118,1.6e-05,0.9964,3e-06,1.2118,1.5e-05
435,repetitive,zstd,1.2405,1.8e-05,0.9949,3e-06,1.2405,1.6e-05
436,repetitive,zstd,1.2401,1.7e-05,0.9944,2e-06,1.2401,1.6e-05
437,repetitive,zstd,215.5789,2e-06,83.5918,1e-06,215.5789,1e-06
438,repetitive,zstd,215.5789,1e-06,83.5918,1e-06,215.5789,1e-06
439,repetitive,zstd,215.5789,1e-06,83.5918,1e-06,215.5789,1e-06
440,repetitive,zstd,215.5789,1e-06,83.5918,1e-06,215.5789,1e-06
441,repetitive,zstd,215.5789,1e-06,83.5918,1e-06,215.5789,1e-06
442,repetitive,zstd,215.5789,1e-06,83.5918,1e-06,215.5789,1e-06
443,repetitive,zstd,215.5789,1e-06,83.5918,1e-06,215.5789,1e-06
444,repetitive,zstd,215.5789,1e-06,83.5918,1e-06,215.5789,1e-06
445,repetitive,zstd,215.5789,1e-06,83.5918,1e-06,215.5789,1e-06
446,repetitive,zstd,215.5789,1e-06,83.5918,1e-06,215.5789,1e-06
447,repetitive,zstd,215.5789,1e-06,83.5918,1e-06,215.5789,1e-06
448,repetitive,zstd,215.5789,1e-06,83.5918,1e-06,215.5789,1e-06
449,repetitive,zstd,215.5789,1e-06,83.5918,1e-06,215.5789,1e-06
450,repetitive,zstd,215.5789,1e-06,83.5918,1e-06,215.5789,1e-06
451,repetitive,zstd,215.5789,1e-06,83.5918,1e-06,215.5789,1e-06
452,repetitive,zstd,215.5789,1e-06,83.5918,1e-06,215.5789,1e-06
453,repetitive,zstd,215.5789,1e-06,83.5918,1e-06,215.5789,1e-06
454,repetitive,zstd,215.5789,1e-06,83.5918,1e-06,215.5789,1e-06
455,repetitive,zstd,215.5789,1e-06,83.5918,1e-06,215.5789,1e-06
456,repetitive,zstd,215.5789,1e-06,83.5918,1e-06,215.5789,1e-06
457,repetitive,zstd,215.5789,1e-06,83.5918,1e-06,215.5789,1e-06
458,repetitive,zstd,215.5789,1e-06,83.5918,1e-06,215.5789,1e-06
459,repetitive,zstd,215.5789,1e-06,83.5918,1e-06,215.5789,1e-06
460,repetitive,zstd,215.5789,1e-06,83.5918,1e-06,215.5789,1e-06
461,repetitive,zstd,215.5789,1e-06,83.5918,1e-06,215.5789,1e-06
462,repetitive,zstd,215.5789,1e-06,83.5918,1e-06,215.5789,1e-06
463,repetitive,zstd,215.5789,1e-06,83.5918,1e-06,215.5789,1e-06
464,repetitive,zstd,215.5789,1e-06,83.5918,1e-06,215.5789,1e-06
465,repetitive,zstd,215.5789,1e-06,83.5918,1e-06,215.5789,1e-06
466,repetitive,zstd,215.5789,1e-06,83.5918,1e-06,215.5789,1e-06
467,repetitive,zstd,215.5789,1e-06,83.5918,1e-06,215.5789,1e-06
468,repetitive,zstd,215.5789,1e-06,83.5918,1e-06,215.5789,1e-06
469,repetitive,zstd,215.5789,1e-06,83.5918,1e-06,215.5789,1e-06
470,repetitive,zstd,215.5789,1e-06,83.5918,1e-06,215.5789,1e-06
471,repetitive,zstd,215.5789,1e-06,83.5918,1e-06,215.5789,1e-06
472,repetitive,zstd,215.5789,1e-06,83.5918,1e-06,215.5789,1e-06
473,repetitive,zstd,215.5789,1e-06,83.5918,1e-06,215.5789,1e-06
474,repetitive,zstd,215.5789,1e-06,83.5918,1e-06,215.5789,1e-06
475,repetitive,zstd,215.5789,1e-06,83.5918,1e-06,215.5789,1e-06
476,repetitive,zstd,215.5789,1e-06,83.5918,1e-06,215.5789,1e-06
477,repetitive,zstd,215.5789,1e-06,83.5918,1e-06,215.5789,1e-06
478,repetitive,zstd,215.5789,1e-06,83.5918,1e-06,215.5789,1e-06
479,repetitive,zstd,215.5789,1e-06,83.5918,1e-06,215.5789,1e-06
480,repetitive,zstd,215.5789,1e-06,83.5918,1e-06,215.5789,1e-06
481,repetitive,zstd,215.5789,1e-06,83.5918,1e-06,215.5789,1e-06
482,repetitive,zstd,215.5789,1e-06,83.5918,1e-06,215.5789,1e-06
483,repetitive,zstd,215.5789,1e-06,83.5918,1e-06,215.5789,1e-06
484,repetitive,zstd,215.5789,1e-06,83.5918,1e-06,215.5789,1e-06
485,repetitive,zstd,215.5789,2e-06,83.5918,1e-06,215.5789,1e-06
486,repetitive,zstd,215.5789,1e-06,83.5918,1e-06,215.5789,1e-06
487,repetitive,zstd,215.5789,1e-06,83.5918,1e-06,215.5789,1e-06
488,repetitive,zstd,215.5789,2e-06,83.5918,1e-06,215.5789,1e-06
489,repetitive,zstd,215.5789,1e-06,83.5918,1e-06,215.5789,1e-06
490,repetitive,zstd,215.5789,2e-06,83.5918,2e-06,215.5789,1e-06
491,repetitive,zstd,215.5789,1e-06,83.5918,1e-06,215.5789,1e-06
492,repetitive,zstd,215.5789,1e-06,83.5918,1e-06,215.5789,1e-06
493,repetitive,zstd,215.5789,1e-06,83.5918,1e-06,215.5789,1e-06
494,repetitive,zstd,215.5789,1e-06,83.5918,1e-06,215.5789,1e-06
495,repetitive,zstd,215.5789,1e-06,83.5918,1e-06,215.5789,1e-06
496,repetitive,zstd,215.5789,1e-06,83.5918,1e-06,215.5789,1e-06
497,repetitive,zstd,215.5789,1e-06,83.5918,1e-06,215.5789,1e-06
498,repetitive,zstd,215.5789,1e-06,83.5918,1e-06,215.5789,1e-06
499,repetitive,zstd,215.5789,1e-06,83.5918,1e-06,215.5789,1e-06
